[{"id":0,"version":"R20","type":"Segment","name":"det_bestModelIoU_0.88_v_t_0.92_epoch_008.dlc","path":"Segment_V3_0/det_bestModelIoU_0.88_v_t_0.92_epoch_008.dlc","size":[480,480],"output_shape":null,"input_blob_name":"","output_blob_names":"","classifier_threshold":0,"device_type":0,"data":"","label_file":"","show_result":false,"operate_on_aie_id":0,"operate_on_class_ids":0,"crop_num_x":1,"crop_num_y":1,"roi_param":[],"class_names":null},{"id":1,"version":"R20","type":"Location","name":"det_bestModelIoU_0.35_v_t_0.97_epoch_086.dlc","path":"Location_V6_1/det_bestModelIoU_0.35_v_t_0.97_epoch_086.dlc","size":[480,480],"output_shape":null,"input_blob_name":"","output_blob_names":"","classifier_threshold":0,"device_type":0,"data":"","label_file":"","show_result":false,"operate_on_aie_id":0,"operate_on_class_ids":0,"crop_num_x":1,"crop_num_y":1,"roi_param":[],"class_names":null}]